metabolite,p_value,log2FC,median_persistent,median_paroxysmal,fdr,neglog10p,sig,cliffs_delta,cohens_d
GCDCA-3S,2.4385792273155733e-05,1.2693475635442089,0.8379,0.3476,0.00281784247468,4.612863129993669,True,0.5138461538461538,0.18008725911568285
Isocitric acid,2.860753781401104e-05,0.3595912818288834,11.4045,8.8885,0.00281784247468,4.54351951932874,True,0.5094505494505495,0.7139264800917208
Malic acid,5.0312335555227913e-05,0.3775504167844288,7.3075,5.6249,0.0028902246134836,4.298325521767784,True,0.4936263736263736,0.6392310899827879
Oxoglutaric acid,5.868476372555709e-05,0.2846281075513596,10.1722,8.3509,0.0028902246134836,4.231474639618278,True,0.48923076923076925,0.6111422518146279
Citramalic acid,0.0006802458603971,0.7327307804231896,0.0796,0.0479,0.0268016868996491,3.1673340924179287,True,0.4136263736263736,0.5166742291887653
N-Acetyaspartic acid,0.0008416253018335,0.3405225609504622,0.6364,0.5026,0.0276333640768696,3.07488121677216,True,0.4065934065934066,0.690500978217048
Adipic acid,0.0011157806597361,0.7995134477230087,0.2616,0.1503,0.0297715224857617,2.952421170657008,True,0.39692307692307693,0.3852072374882185
Glyceric acid,0.0014376748151926,0.161785304099846,1.7807,1.5918,0.0297715224857617,2.842339335050513,True,0.3881318681318681,0.7081195170485027
Kynurenine,0.0014377223446837,0.3954867459284002,2.492,1.8945,0.0297715224857617,2.842324977523845,True,0.3881318681318681,0.6880296187192898
Phenylalanine,0.0015112447962315,0.1646999024578169,80.688,71.9829,0.0297715224857617,2.820665181563303,True,0.3863736263736264,0.5976357082171811
Hydroxyphenyllactic acid,0.0031932315818716,0.3487196270129401,0.9715,0.7629,0.051060510687297,2.4957695840969816,False,0.35912087912087914,0.41308074971159237
Methylmalonic acid,0.0035871493302851,0.3343145538813155,2.705,2.1455,0.051060510687297,2.445250543600339,False,0.3547252747252747,0.3943728887647708
Succinic acid,0.0035871493302851,0.2600318276788467,6.4991,5.4272,0.051060510687297,2.445250543600339,False,0.3547252747252747,0.3802223522050622
Homovanillic acid,0.0036286657341226,0.1723863696168958,0.4839,0.4294,0.051060510687297,2.440253036349515,False,0.35428571428571426,0.4044631003686273
2-Hydroxy-3-methylbutyric acid,0.0043099027150074,0.2878564141670582,8.8251,7.2288,0.0566033889904313,2.3655325328119536,False,0.3476923076923077,0.5287725237132009
Creatine,0.0046133406861209,-0.4528298711275987,24.468,33.4899,0.0568017571978641,2.335984472415569,False,-0.34505494505494505,-0.38207533977002944
N-Acetylserine,0.0051047296223977,0.3225854515982929,2.5788,2.0621,0.058412376267486,2.292027255851385,False,0.3410989010989011,0.623117911667221
Adipoylcarnitine,0.0053371714356078,0.4558693466051911,0.0406,0.0296,0.058412376267486,2.2726888469729314,False,0.3393406593406593,0.4784771999813809
Oxoadipic acid,0.0056428117072649,0.1660577745799137,0.0699,0.0623,0.0585070477016419,2.2485044412876665,False,0.33714285714285713,0.47443695132113894
Linoleylcarnitine,0.0070264822494494,0.3566878361523756,0.3812,0.2977,0.0692108501570771,2.153262046532688,False,0.3283516483516484,0.5000946473262414
Azelaic acid,0.0075777887157385,0.3935380291970743,0.2509,0.191,0.0707259525780182,2.120457507911394,False,0.3252747252747253,-0.0787302851738778
2-Hydroxyglutaric acid,0.0082571515464989,0.2657414916163623,0.576,0.4791,0.0707259525780182,2.083169744566706,False,0.32175824175824175,0.4051682807417771
Methylmalonylcarnitine,0.0082573447172305,0.2269179038822009,1.0004,0.8548,0.0707259525780182,2.0831595846464186,False,0.32175824175824175,0.631790588022096
Glycolic acid,0.0114277136036521,0.1010160120805425,10.273,9.5783,0.089560007849763,1.942040652250801,False,0.30813186813186816,0.2793541632015238
Citric acid,0.0121533430520387,0.2305108187880897,167.4525,142.7253,0.089560007849763,1.915304243106812,False,0.3054945054945055,0.5536094463229729
Methylcysteine,0.0121533430520387,0.2894838541427956,3.5351,2.8924,0.089560007849763,1.915304243106812,False,0.3054945054945055,0.578787790102362
Malonylcarnitine,0.0124041366815881,0.2223104129192192,1.1757,1.0078,0.089560007849763,1.906433456903231,False,0.3046153846153846,0.5928113714331661
Sebacic acid,0.0130417332844674,0.270643672908728,0.076,0.063,0.089560007849763,1.884664685762393,False,0.30241758241758243,0.41678751085252924
CDCA,0.0131839605464118,1.232104965472589,0.4966,0.2114,0.089560007849763,1.8799541052905635,False,0.301978021978022,0.5853975801267042
1-Methylhistidine,0.0188404333477118,0.1909178885859153,7.3343,6.4252,0.1197279151451364,1.724909112246136,False,0.28615384615384615,0.5557849130283364
Maleic acid,0.0188404333477118,0.3162641749421993,1.9766,1.5875,0.1197279151451364,1.724909112246136,False,0.28615384615384615,0.5009842313725824
Fumaric acid,0.0199656291250805,0.2649197364832076,1.225,1.0195,0.122913404301277,1.6997170004585676,False,0.2835164835164835,0.4855333890103846
Oleylcarnitine,0.0217621550840675,0.3537705185515041,0.5371,0.4203,0.1299134712594335,1.6622980991037108,False,0.2795604395604396,0.3833016793868391
Aconitic acid,0.0228216996489572,0.2510873639867496,151.4989,127.2989,0.1322316126718996,1.6416520145770592,False,0.2773626373626374,0.5360072049644883
Suberic acid,0.0252827056261074,0.7601794979848812,0.0459,0.0271,0.1397928176332006,1.597176451923949,False,0.2725274725274725,-0.12972549825949492
p-Hydroxyphenylacetic acid,0.0255458956080975,0.5234820747787354,0.4594,0.3196,0.1397928176332006,1.592678866877335,False,0.2720879120879121,0.43459247929117495
Dodecanoylcarnitine,0.0293411610900192,0.5085755687988888,0.1407,0.0989,0.1535183669923094,1.532522704227875,False,0.2654945054945055,0.40980946807206575
Alanine,0.0296126799274505,0.1565219057207068,410.4603,368.259,0.1535183669923094,1.52852228747605,False,0.26505494505494503,0.4715947850770077
NorCA,0.0304158001275969,0.2355201863711861,0.0239,0.0203,0.1536387852599126,1.516900754363658,False,0.26373626373626374,0.36250956356790753
Phenyllactic acid,0.0367510646116181,0.3594627022529105,0.2784,0.217,0.1809989932122193,1.4347300756749082,False,0.2545054945054945,0.3843656157462274
Glutaric acid,0.0460883222839603,0.5233368014082943,0.3632,0.2527,0.2184909735670842,1.3364091008596362,False,0.24307692307692308,0.3811091167575933
Octanoylcarnitine,0.0476889209366294,0.601849285756949,0.3351,0.2208,0.2184909735670842,1.3215825042922666,False,0.2413186813186813,-0.09234549259199856
Tyrosine,0.0476909231643889,0.1604406585410138,73.5138,65.7766,0.2184909735670842,1.3215642707445858,False,0.2413186813186813,0.44086486674774344
Glutamine,0.0501793271839043,0.0753213814829822,738.9265,701.3378,0.2222588792148921,1.2994751661038442,False,0.23868131868131867,0.4666723730964523
Imidazolepropionic acid,0.0518923854800015,0.6802766890325336,0.0258,0.0161,0.2222588792148921,1.2848963644373013,False,0.23692307692307693,-0.11194513465151926
GCDCA,0.0518980124055078,0.3322226607487314,1.4099,1.1199,0.2222588792148921,1.2848492744800486,False,0.23692307692307693,0.43002102933136954
Dimethylglycine,0.0536656715513647,0.1445678221710389,6.3587,5.7524,0.2249390913961459,1.2703034316770918,False,0.23516483516483516,0.4032322577088027
Decanoylcarnitine,0.056879234332152,0.5610973508536669,0.4227,0.2865,0.2334418575715406,1.245046258402753,False,0.2320879120879121,0.11626507281332482
2-Methylbutyroylcarnitine,0.0653550427454476,0.1743003345349143,0.0949,0.0841,0.2627539473643509,1.184720896958286,False,0.2246153846153846,0.45289638014915856
Methylglutaric acid,0.0674893698779279,0.1476199284083089,0.0329,0.0297,0.2659081173190359,1.1707646266788267,False,0.22285714285714286,0.15902242658610038
GUDCA,0.0719483129248138,0.5464837486558793,0.1443,0.0988,0.2779179930625163,1.142979385132991,False,0.21934065934065933,0.24373333390226828
Methylsuccinic acid,0.0790541234844493,0.6270413571124887,0.12,0.0777,0.2994935062776252,1.1020754722233943,False,0.21406593406593408,0.37368029151451193
GCA,0.0854412637095112,0.5276826380150338,0.3395,0.2355,0.3175835651089379,1.068332336883768,False,0.20967032967032967,0.2964757705489317
Palmitoylcarnitine,0.092915536013936,0.0368366188769402,0.2499,0.2436,0.3389696406434334,1.0319116633905785,False,0.20483516483516484,0.346518763687895
GLCA-3S,0.1016619239218524,0.8036641129611881,0.4102,0.235,0.3641345275019078,0.9928416756608794,False,0.19956043956043956,0.4014683468668109
Pimelic acid,0.1202436661081379,0.2558888628193849,0.0806,0.0675,0.4230000397018423,0.9199377910184346,False,0.18945054945054945,-0.14413199771431903
Ornithine,0.1291141981216477,0.2005195945138833,101.6893,88.4938,0.4462367899993791,0.8890259976496178,False,0.18505494505494505,0.0912254113167841
UDCA,0.13237674791457,1.2540705187836525,0.0997,0.0418,0.449624471365005,0.8781882923829221,False,0.1832967032967033,0.03741016484339336
Methionine,0.1365670463863993,0.103248906311125,26.1649,24.3578,0.4546798076560578,0.8646540832247434,False,0.18153846153846154,0.33693803902918523
Sarcosine,0.1384811596922003,0.0340752223049169,6.8759,6.7154,0.4546798076560578,0.8586093081755969,False,0.18065934065934067,0.38325749982929946
Asparagine,0.1504026523423898,0.1402139802938861,46.2817,41.9953,0.4811344474398477,0.8227445049178663,False,0.1753846153846154,0.22661241398909224
Stearylcarnitine,0.1514230240673632,0.0998786329841684,0.0598,0.0558,0.4811344474398477,0.8198080847753735,False,0.17494505494505494,0.3544117592706225
2-Hydroxycaproic acid,0.1566494638188734,0.1671455862315601,0.4927,0.4388,0.4898403868621915,0.8050710872866047,False,0.17274725274725275,0.2918850024734008
GDCA-3S,0.1652731969259566,0.3377365359296722,0.1835,0.1452,0.4990581325312674,0.7817975721453911,False,0.16923076923076924,0.4346961271994334
Pipecolic acid,0.1663845804296976,0.1683105897658438,1.2505,1.1128,0.4990581325312674,0.7788869241065264,False,0.1687912087912088,0.22452379734739464
gamma-Glutamylalanine,0.1674951607567013,0.1932917888417762,0.6372,0.5573,0.4990581325312674,0.7759977360123376,False,0.16835164835164834,0.3451890319331381
Xylulose,0.1697304308608879,0.1430604290296525,0.9078,0.8221,0.4990581325312674,0.7702402863202011,False,0.16747252747252747,0.261309995444737
3-(3-Hydroxyphenyl)-3-hydroxypropanoic acid,0.1859899703259901,0.7553315588402512,0.079,0.0468,0.5379515121153137,0.7305104748655337,False,0.16131868131868132,-0.026762508796515188
Tetradecanoylcarnitine,0.1884195651571403,0.13078356542684,0.045,0.0411,0.5379515121153137,0.7248740028244074,False,0.16043956043956045,0.2996974218325107
Ribulose,0.203409759030557,0.1008728880936447,1.2335,1.1502,0.5679499939661411,0.691628214680495,False,0.15516483516483517,0.2551809844926653
3-Hydroxyisovaleric acid,0.2046926374192691,0.1097996753588377,0.2811,0.2605,0.5679499939661411,0.6888977781762299,False,0.15472527472527473,0.35850267926140594
CA,0.2125401807832699,0.8087457484928795,0.103,0.0588,0.5771488629908653,0.6725589543531647,False,0.15208791208791209,0.4231343874525564
TCDCA,0.2138673451692039,0.2610795856530191,0.1329,0.1109,0.5771488629908653,0.6698555216250993,False,0.15164835164835164,0.23347773579241043
5Z-Dodecenoic acid,0.2178916362668432,0.3265829232189613,0.1629,0.1299,0.5800628695211908,0.6617594397531489,False,0.15032967032967032,0.17381271100094042
Rhamnose,0.2302830638638725,0.278998742797207,1.4212,1.1713,0.6042278646507074,0.6377380009890015,False,0.1463736263736264,0.24926453126392986
Arginine,0.2331031356012881,-0.1308877093651393,70.9929,77.7349,0.6042278646507074,0.6324518845009683,False,-0.1454945054945055,-0.3161784982302179
Glucaric acid,0.2388151488336346,0.2580315673142306,0.4549,0.3804,0.610994601561377,0.6219381279355295,False,0.14373626373626375,0.24834750727078236
Glutarylcarnitine,0.2735796421047569,0.3905161440068361,0.0953,0.0727,0.690963967879963,0.562916222926022,False,0.13362637362637364,-0.05838598063956666
Hexanylcarnitine,0.2815773107662804,0.2423449563696072,0.1274,0.1077,0.6927153995217535,0.5504023431591785,False,0.13142857142857142,-0.07723964745063132
Salicyluric acid,0.282205245807708,0.0780896138141761,0.0911,0.0863,0.6927153995217535,0.5494349175690344,False,0.130989010989011,0.21613313698580447
Homocitrulline,0.2848220678236651,0.3722840670272519,0.4832,0.3733,0.6927153995217535,0.5454263648850499,False,0.13054945054945055,0.23395207588458997
Tartaric acid,0.2930324981148277,0.128393986354223,0.1421,0.13,0.7039927088856226,0.5330842125152219,False,0.12835164835164836,0.05932151203148713
Acetylcarnitine,0.298041310552943,0.1292484876054694,17.4998,16.0002,0.7073992551678286,0.525723535582263,False,0.12703296703296704,0.3033558214311824
LCA-3S,0.3133040210948657,0.0547399969449213,0.0188,0.0181,0.734772525662959,0.50403403113775,False,0.12307692307692308,0.28369601878233697
Lactic acid,0.3221467004432408,0.0492955526691709,1632.0808,1577.2561,0.7362752749337843,0.4919463125145363,False,0.12087912087912088,0.21438759484955122
Indoleacetic acid,0.3256914042888132,0.1604798430375785,1.1076,0.991,0.7362752749337843,0.4871937032687098,False,0.12,0.11908872135686686
"6,7-DiketoLCA",0.3284691990494723,0.060533073286099,0.0073,0.007,0.7362752749337843,0.4835053485090884,False,0.11912087912087913,0.24668590749219924
Ethylmethylacetic acid,0.3328566026870818,0.1285721750568281,1.0274,0.9398,0.7362752749337843,0.4777428237742764,False,0.11824175824175824,0.37942779323110487
TCA,0.3344852495884038,-0.2070630614618678,0.0311,0.0359,0.7362752749337843,0.4756230293568726,False,-0.1178021978021978,0.08973020552533968
bUDCA,0.3364727299026758,0.7649064982067052,0.1164,0.0685,0.7362752749337843,0.4730501282682534,False,0.11736263736263736,-0.17513879973277957
9E-tetradecenoic acid,0.3401068528881947,0.2335116643900958,0.1693,0.144,0.7362752749337843,0.4683846172835551,False,0.11648351648351649,0.2066481307439894
Acetylglycine,0.3512111630423545,-0.1247629566910132,3.5393,3.859,0.7518382347876184,0.4544316887492812,False,-0.11384615384615385,-0.28735534422397585
Histidine,0.354957628597884,0.0547959575609754,93.7364,90.2429,0.7518382347876184,0.4498234857178412,False,0.11296703296703296,0.2293276828722047
Tryptophan,0.362525914440109,0.0294114296538523,54.4845,53.385,0.7518382347876184,0.4406609433107013,False,0.11120879120879121,0.16461388391656911
alpha-Aminobutyric acid,0.3701944607837512,-0.1590212667172457,24.1424,26.9557,0.7518382347876184,0.4315700838787621,False,-0.10945054945054945,-0.16140582062850678
Pyruvic acid,0.3701944607837512,0.0478079162366622,139.0648,134.532,0.7518382347876184,0.4315700838787621,False,0.10945054945054945,0.1730121429081985
Valine,0.3701944607837512,-0.046885593489328,223.9736,231.372,0.7518382347876184,0.4315700838787621,False,-0.10945054945054945,-0.2298606638854603
Maltose/Lactose,0.3740662413099704,-0.0764508012580717,2.2767,2.4006,0.7519494850822875,0.4270514841951336,False,0.10857142857142857,0.15496196523091194
Butyrylcarnitine,0.397817837706365,-0.0566912618511269,0.257,0.2673,0.7916173134156962,0.400315747496746,False,0.10329670329670329,0.35582289604607825
3-Hydroxylisovalerylcarnitine,0.4059318413647831,0.0437204309547847,0.0469,0.0455,0.7960597094290897,0.3915468812112899,False,0.10153846153846154,0.19487297232953826
Decanoic acid,0.4141481296924295,0.1746463911600073,0.7613,0.6745,0.7960597094290897,0.382844295589835,False,0.09978021978021978,-0.1897855442037146
Threonine,0.4141481296924295,0.1178008760713326,73.4358,67.6778,0.7960597094290897,0.382844295589835,False,0.09978021978021978,0.09234042674088586
Nicotinic acid,0.4162139597522651,0.0427085519139842,0.2914,0.2829,0.7960597094290897,0.3806833577099126,False,0.09934065934065935,0.20780212034639375
Benzoic acid,0.4308628702793116,0.0148223166317727,0.6457,0.6391,0.8161537062021574,0.3656609297398701,False,0.09626373626373626,0.009594405537499764
Propionylcarnitine,0.4393711906768776,-0.0017136678716846,1.3462,1.3478,0.8165672128617443,0.3571684229281258,False,0.0945054945054945,0.24231444337592517
Fructose,0.4393711906768776,0.2009129943434819,4.8023,4.178,0.8165672128617443,0.3571684229281258,False,0.0945054945054945,0.10218139199355816
Guanidoacetic acid,0.4523064226217843,-0.1337656312948911,1.7848,1.9582,0.8327510771634722,0.3445672453529173,False,-0.09186813186813186,-0.04191448553419516
3-Hydroxybutyric acid,0.4566655187497197,0.9082611957285228,73.9531,39.4042,0.8329917332749518,0.3404017792449104,False,0.090989010989011,0.16097670619451787
Pentadecanoic acid,0.4632173514199741,-0.2341064543327822,0.2821,0.3318,0.8335860542483536,0.3342151809628101,False,-0.08967032967032967,-0.01164170551266683
Ketoleucine,0.4654541419660858,-0.0719402421025168,43.6305,45.8613,0.8335860542483536,0.332123100659301,False,-0.08923076923076922,-0.17275493389520247
Hydrocinnamic acid,0.4743359694685466,0.1024876020551184,0.1677,0.1562,0.8418395133811142,0.3239139410251278,False,0.08747252747252747,0.27699956841427603
Isovalerylcarnitine,0.4878315165912973,-0.0749723339525236,0.1706,0.1797,0.858060792575764,0.3117301453106521,False,-0.08483516483516483,-0.17488801195738365
Erythronic acid,0.4946548956787084,0.0408701246020846,2.7102,2.6345,0.8587512915971317,0.3056976882832729,False,-0.08351648351648351,-0.1701990590456796
2-Hydroxybutyric acid,0.4969423717871726,-0.3751356831590111,44.7627,58.0555,0.8587512915971317,0.3036939715603254,False,-0.08307692307692308,0.06338763254959855
Threonic acid,0.5015315736807746,-0.0586157815943665,2.783,2.8984,0.8591453914357617,0.2997017209811506,False,-0.08219780219780219,-0.09325477520141981
2-Butenoic acid,0.5107743384960803,-0.323278660974282,0.3201,0.4005,0.8600260200274638,0.291770929986345,False,-0.08043956043956044,-0.07651190507377333
Linoelaidic acid,0.510776874838646,0.0922052348593901,0.4361,0.4091,0.8600260200274638,0.2917687734237251,False,0.08043956043956044,0.13885473749706168
Picolinic acid,0.5224463021603328,0.0245222496625945,0.356,0.35,0.8722196739456404,0.2819583403822367,False,0.07824175824175825,0.1685661517145994
Isoleucine,0.534273938247374,-0.0270439208669035,73.3635,74.7517,0.8841920250855914,0.2722360100795045,False,0.07604395604395604,0.15693435257590152
Palmitoleic acid,0.5385941269556902,0.2710411871612476,8.297,6.8759,0.8841920250855914,0.2687383866182369,False,0.07516483516483516,0.08360997739107734
Mandelic acid,0.5438063199902634,-0.2720678495632445,0.0212,0.0256,0.8853706201494372,0.2645557494499757,False,-0.07428571428571429,-0.27657438919601296
Isobutyric acid,0.5607338870271914,0.1298002633433905,2.092,1.912,0.8884487736266566,0.2512431972380293,False,0.07120879120879121,0.31175642869921755
Oleic acid,0.563173014227943,0.2129162843352979,95.3949,82.3059,0.8884487736266566,0.2493581636185723,False,0.07076923076923076,0.13887610640918616
AMP,0.563173014227943,-0.1469714066274307,1.0369,1.1481,0.8884487736266566,0.2493581636185723,False,-0.07076923076923076,-0.05197033781186629
N-Acetylneuraminic acid,0.5729708597766163,0.0765744550157329,1.122,1.064,0.8884487736266566,0.2418674648738446,False,0.06901098901098901,0.2368526186869186
DPAn-6,0.5878174634618405,-0.1763473005380663,0.6699,0.757,0.8884487736266566,0.2307575156222861,False,-0.06637362637362637,-0.06096854586000069
Ricinoleic acid,0.5902890213305254,-0.0914221998595282,0.107,0.114,0.8884487736266566,0.2289352940613912,False,0.06593406593406594,0.22108667280938626
Malonic acid,0.5903057470920811,-0.0401218019648392,0.1773,0.1823,0.8884487736266566,0.2289229885588699,False,0.06593406593406594,0.19514310566965679
Gluconolactone,0.5928055724175971,-0.1724596949440229,5.1686,5.8249,0.8884487736266566,0.2270877226082849,False,0.0654945054945055,0.13276506418922776
alpha-Linolenic acid,0.5928055724175971,0.0414239320338939,8.3838,8.1465,0.8884487736266566,0.2270877226082849,False,0.0654945054945055,0.201266850174552
2-Phenylpropionate,0.5952991515421207,-0.1124236996649827,0.0728,0.0787,0.8884487736266566,0.2252647364316797,False,0.06505494505494505,0.27883787898611334
GABA,0.5953057772523791,0.0068984998163639,0.3983,0.3964,0.8884487736266566,0.2252599027385975,False,0.06505494505494505,0.16650565065249306
Isocaproic acid,0.6027807867721695,0.0,0.295,0.295,0.8928407142414841,0.2198405989781884,False,-0.06373626373626373,-0.06360560191671531
gamma-Linolenic acid,0.6231331655996093,-0.1006463107662174,0.5799,0.6218,0.906951049598903,0.2054191332684555,False,0.06021978021978022,0.09255462364908013
Isovaleric acid,0.6308177930936809,-0.0585062722414375,0.894,0.931,0.906951049598903,0.200096065290156,False,-0.0589010989010989,0.023344800110982684
Galactonic acid,0.6333896571335795,0.0793414541072307,0.5569,0.5271,0.906951049598903,0.1983290326699607,False,0.05846153846153846,0.12544899072219132
Linoleic acid,0.6489068985130707,0.033725081641854,81.1198,79.2455,0.906951049598903,0.1878176088428876,False,0.05582417582417582,0.10894677179532948
Hippuric acid,0.6567226384091175,0.121519090128104,2.997,2.7549,0.906951049598903,0.1826180125433819,False,0.05450549450549451,0.16738844283082963
Aminocaproic acid,0.667195082063182,-0.0757656985360622,0.0408,0.043,0.906951049598903,0.1757471635703987,False,-0.05274725274725275,-0.08747609593410208
Carnitine,0.6698349622372126,-0.0350275141897081,124.4285,127.4865,0.906951049598903,0.1740321880735105,False,0.052307692307692305,0.24419251444947632
Aspartic acid,0.6698349622372126,-0.0261733088979721,3.8618,3.9325,0.906951049598903,0.1740321880735105,False,-0.052307692307692305,-0.01856409230527936
10Z-Heptadecenoic acid,0.6724593319533194,0.1384987075784038,0.3769,0.3424,0.906951049598903,0.1723339751803029,False,0.05186813186813187,0.13717230765252317
Glycylproline,0.6750262686366285,0.0672026405484658,0.0769,0.0734,0.906951049598903,0.1706793262771904,False,0.05142857142857143,0.0887202651554935
EPA,0.6830468094083222,-0.0993654879555955,0.1136,0.1217,0.906951049598903,0.1655495329639419,False,-0.05010989010989011,-0.0463380918044302
alpha-Ketoisovaleric acid,0.6857012199467843,0.0355949877141493,27.3115,26.6459,0.906951049598903,0.1638650778706535,False,-0.04967032967032967,-0.06900325952827331
Indole-3-pyruvic acid,0.6857021125737501,-0.0789305198121504,110.702,116.9273,0.906951049598903,0.1638645125184242,False,-0.04967032967032967,-0.11547159470821106
10Z-Nonadecenoic acid,0.6883568570055212,-0.1142025784034803,0.0959,0.1038,0.906951049598903,0.1621863570423116,False,0.04923076923076923,0.14261133408032575
Glutamic acid,0.6910225443915279,0.0063148154203162,21.8659,21.7704,0.906951049598903,0.160507783674826,False,0.04879120879120879,0.09377871410677191
Dihomo-gamma-linolenic acid,0.6936876415434744,-0.2471596094807521,0.3168,0.376,0.906951049598903,0.1588360426451754,False,-0.04835164835164835,-0.006768082393689201
Propionic acid,0.6963574146815323,-0.0098945392521373,1.889,1.902,0.906951049598903,0.1571677957602221,False,0.04791208791208791,0.09249059393099235
Butyric acid,0.6963582803879882,-0.079543153246767,1.8718,1.9779,0.906951049598903,0.1571672558488273,False,0.04791208791208791,0.09734357337002236
Indolelactic acid,0.7017090851336024,-0.0004804971362995,0.6004,0.6006,0.906951049598903,0.1538429005584747,False,-0.047032967032967034,0.019205834084051545
TDHCA,0.7043833024803663,-0.0144267099615194,0.0398,0.0402,0.906951049598903,0.1521909476033813,False,0.04659340659340659,0.14698056245891314
12-Hydroxystearic acid,0.7097597002711256,-0.1796751027745816,0.0475,0.0538,0.907939356840336,0.148888663267854,False,0.045714285714285714,0.1390935369346071
Indole-3-propionic acid,0.7232582052377199,0.0363372416725955,0.6473,0.6312,0.9192378479472956,0.1407066306571647,False,-0.04351648351648352,0.2801464625232233
Caproic acid,0.7341168948757202,0.2767638113136874,2.0377,1.682,0.9270578736571594,0.1342347810138683,False,0.041758241758241756,0.027650711886450068
Serine,0.750504491462926,-0.0709813437958716,106.9819,112.3771,0.9366682680002778,0.1246467043377959,False,-0.03912087912087912,-0.003773891227644481
"2,2-Dimethylsuccinic acid",0.7532455336446535,0.0259479853220891,0.0561,0.0551,0.9366682680002778,0.123063434788003,False,0.03868131868131868,0.03803328983230079
Phenylacetic acid,0.7559911401626608,-0.0125756263274725,3.8036,3.8369,0.9366682680002778,0.1214832941826743,False,0.03824175824175824,0.09417184574389549
Phenylpyruvic acid,0.7614922685376642,-0.0582985125137667,0.4462,0.4646,0.937587355636999,0.1183345017152991,False,0.03736263736263736,0.1373198080329456
DHA,0.7780655947376176,-0.2534701289702493,1.0569,1.2599,0.9494710311804996,0.1089837883165572,False,-0.03472527472527472,0.034266222883449333
Myristoleic acid,0.7807832845240656,0.2006366794253073,0.181,0.1575,0.9494710311804996,0.1074694928780799,False,0.03428571428571429,0.021287625197724553
Hydroxypropionic acid,0.7947397972415601,0.04329184599376,16.4401,15.9541,0.9552212024182108,0.0997750387892609,False,0.03208791208791209,0.05858505306388478
Arachidonic acid,0.8003191848035774,-0.2486198758845637,1.2825,1.5237,0.9552212024182108,0.0967367723170049,False,-0.03120879120879121,-0.046007319579566316
beta-Alanine,0.8058973649225846,0.0129166924833677,18.366,18.2023,0.9552212024182108,0.0937202642569471,False,0.03032967032967033,0.07565419949185505
5-Aminolevulinic acid,0.8115083092777411,0.0169027563232245,3.8119,3.7675,0.9552212024182108,0.0907070289431142,False,0.02945054945054945,0.09455010195724
4-Hydroxyproline,0.8171174971320555,-0.0752317045442873,6.3721,6.7132,0.9552212024182108,0.0877154897501882,False,-0.02857142857142857,-0.005747274376281165
Gallic acid,0.8311769122774428,0.0470212644285446,0.1185,0.1147,0.9552212024182108,0.0803065287446277,False,0.026373626373626374,0.010236178658594225
Phthalic acid,0.8311804045833664,0.0631013710976473,0.2103,0.2013,0.9552212024182108,0.0803047039995186,False,0.026373626373626374,0.07210302601904225
Petroselinic acid,0.8339191963312966,-0.0922574050093442,1.2387,1.3205,0.9552212024182108,0.0788760288437374,False,0.025934065934065935,0.06909291959562643
Proline,0.8340002376443261,0.041724990696702,162.1723,157.5492,0.9552212024182108,0.0788338256121356,False,-0.025934065934065935,-0.0758611719334825
N-Methylnicotinamide,0.8340002376443261,-0.1089442013847544,3.7252,4.0174,0.9552212024182108,0.0788338256121356,False,0.025934065934065935,0.11843204453594226
Valerylcarnitine,0.8424237817166336,0.0,0.0074,0.0074,0.95929182079871,0.0744693814682029,False,0.024615384615384615,-0.01543370247100877
Myristic acid,0.8623052054670521,0.1276907414497593,1.4037,1.2848,0.9702968019699356,0.0643389921913838,False,-0.021538461538461538,-0.008676048161995287
Indole-3-methyl acetate,0.8651340582656735,-0.0524652996167498,0.0243,0.0252,0.9702968019699356,0.0629165905074915,False,0.0210989010989011,0.08636423458070883
DPA,0.8736790289656192,-0.2292829041509034,0.2357,0.2763,0.9702968019699356,0.0586480885915649,False,0.01978021978021978,0.20680814046024754
alpha-Hydroxyisobutyric acid,0.8736790289656192,0.110136107285494,0.883,0.8181,0.9702968019699356,0.0586480885915649,False,0.01978021978021978,0.16170094024719253
Valeric acid,0.8793744612383849,-0.1669524574900051,1.0743,1.2061,0.9702968019699356,0.0558261512979587,False,-0.018901098901098902,0.11731081104339688
Palmitelaidic acid,0.8850779907471353,-0.3986001812559373,0.2869,0.3782,0.9702968019699356,0.0530184587272966,False,-0.01802197802197802,-0.044629050082691794
Acetic acid,0.8907880981177217,0.0293167094815587,88.836,87.049,0.9702968019699356,0.0502255942382786,False,0.017142857142857144,0.10979620128921559
Phenylacetylglutamine,0.8965028460296919,-0.327936838216892,2.0653,2.5924,0.9702968019699356,0.0474483273923409,False,-0.016263736263736263,0.036562632412521626
Lysine,0.9079481718576295,0.0069781195576867,198.7903,197.8311,0.9702968019699356,0.0419389414774332,False,0.014505494505494506,0.021886687747217266
Glutaconic acid,0.913678161080672,-0.0912195267288284,3.3277,3.5449,0.9702968019699356,0.0392067555583018,False,-0.013626373626373627,0.024752031895330342
Homoserine,0.913678161080672,0.0275315162444428,5.5178,5.4135,0.9702968019699356,0.0392067555583018,False,0.013626373626373627,-0.04124533439956028
Glyceraldehyde,0.9194126407733444,0.1155244225525641,1.2709,1.1731,0.9702968019699356,0.0364895295389709,False,-0.012747252747252748,-0.1784694975033924
3-Methyl-2-oxopentanoic acid,0.9194126407733444,-0.0507266470260567,37.8383,39.1924,0.9702968019699356,0.0364895295389709,False,0.012747252747252748,0.06108589525992953
Glycine,0.9251513147459454,-0.0196839578270932,204.5659,207.3761,0.9702968019699356,0.0337872296557537,False,-0.011868131868131869,0.040616680941778345
Tridecanoic acid,0.9308926452014396,0.0722340940188823,0.043,0.0409,0.9702968019699356,0.0311004009573689,False,0.01098901098901099,-0.06911440822380693
Octanoic acid,0.9308938861538976,0.1285334490512812,14.9368,13.6636,0.9702968019699356,0.0310998220093577,False,-0.01098901098901099,-0.13414459870015966
Leucine,0.9423895308996866,0.0486518278936925,135.7002,131.2003,0.9771091451959908,0.0257695471513615,False,0.009230769230769232,-0.024837969843957263
Pyroglutamic acid,0.9481420076893138,0.080309419980507,41.2594,39.0254,0.9779265733758892,0.023126611462475,False,0.008351648351648353,0.030736336773505412
Adrenic acid,0.959654775138911,-0.2926916263964618,3.27,4.0055,0.9846457849081534,0.0178849713527471,False,0.006593406593406593,0.09217737759034857
Citrulline,0.965414466572396,0.0002433901318062,37.9392,37.9328,0.9848198998602335,0.0152861976392551,False,0.005714285714285714,0.051244048063080985
4-Methylhexanoic acid,0.9711756173014904,0.040860704596842,0.0752,0.0731,0.9848198998602335,0.0127022296917424,False,0.004835164835164835,0.009896044836669022
2-Methy-4-pentenoic acid,0.9769387567337328,-0.0570387280642857,0.2802,0.2915,0.9848198998602335,0.0101326608935752,False,-0.003956043956043956,0.11780473814901012
GDCA,0.979820814074141,-0.0729001135785568,0.164,0.1725,0.9848198998602335,0.0088533391790008,False,-0.0035164835164835165,0.011579852544882932
DCA,1.0,0.0494784729020491,0.1661,0.1605,1.0,-0.0,False,0.00043956043956043956,0.20146780287382998
